,Strategy
1,"Based on customer cluster 1, suggest strategies to improve engagement and retention.

The following are some of the best practices that can be used to improve engagement and retention:

Use a customer-centric approach to your business.

Use a"
0,"Based on customer cluster 0, suggest strategies to improve engagement and retention.

The following are some of the best practices that can be used to improve engagement and retention:

Use a customer-centric approach to your business.

Use a"
3,"Based on customer cluster 3, suggest strategies to improve engagement and retention.

The following are some of the best practices for building a successful customer cluster:

Use a customer-centric approach to building a customer-centric customer experience.

"
2,"Based on customer cluster 2, suggest strategies to improve engagement and retention.

The following are some of the best practices for building a successful customer cluster:

Use a customer-centric approach to building a customer-centric customer experience.

"
